Distance (m),Temperature C (glass method)
0,1110.21468
0,1118.5401
38,1111.508115
48,1111.7865
83,1113.52515
126,1110.559395
152,1114.734165